Workbook

Sheet Summary
A1: SEI - BBH Integration: Engineering Design Tracker
A2: 65 components across 4 zones. Stack: Python (ingestion) + dbt (transformation) + Airflow (orchestration) on OpenShift/Oracle.
A3: One design document per component. 'Custom Build = High' means no framework default covers it - design doc mandatory before code.
A5: By zone
A6: Zone | B6: Components | C6: P1 | D6: High Custom | E6: Not Started | F6: In Design | G6: Approved
A7: 1. SEI | B7: =COUNTIF(Components!$B$2:$B$66,$A7) -> 7 | C7: =COUNTIFS(Components!$B$2:$B$66,$A7,Components!$I$2:$I$66,"P1") -> 3 | D7: =COUNTIFS(Components!$B$2:$B$66,$A7,Components!$K$2:$K$66,"High") -> 0 | E7: =COUNTIFS(Components!$B$2:$B$66,$A7,Components!$N$2:$N$66,"Not Started") -> 7 | F7: =COUNTIFS(Components!$B$2:$B$66,$A7,Components!$N$2:$N$66,"In Design") -> 0 | G7: =COUNTIFS(Components!$B$2:$B$66,$A7,Components!$N$2:$N$66,"Approved") -> 0
A8: 2. Hub | B8: =COUNTIF(Components!$B$2:$B$66,$A8) -> 29 | C8: =COUNTIFS(Components!$B$2:$B$66,$A8,Components!$I$2:$I$66,"P1") -> 21 | D8: =COUNTIFS(Components!$B$2:$B$66,$A8,Components!$K$2:$K$66,"High") -> 12 | E8: =COUNTIFS(Components!$B$2:$B$66,$A8,Components!$N$2:$N$66,"Not Started") -> 29 | F8: =COUNTIFS(Components!$B$2:$B$66,$A8,Components!$N$2:$N$66,"In Design") -> 0 | G8: =COUNTIFS(Components!$B$2:$B$66,$A8,Components!$N$2:$N$66,"Approved") -> 0
A9: 3. Consumers | B9: =COUNTIF(Components!$B$2:$B$66,$A9) -> 7 | C9: =COUNTIFS(Components!$B$2:$B$66,$A9,Components!$I$2:$I$66,"P1") -> 1 | D9: =COUNTIFS(Components!$B$2:$B$66,$A9,Components!$K$2:$K$66,"High") -> 0 | E9: =COUNTIFS(Components!$B$2:$B$66,$A9,Components!$N$2:$N$66,"Not Started") -> 7 | F9: =COUNTIFS(Components!$B$2:$B$66,$A9,Components!$N$2:$N$66,"In Design") -> 0 | G9: =COUNTIFS(Components!$B$2:$B$66,$A9,Components!$N$2:$N$66,"Approved") -> 0
A10: 4. OpenShift | B10: =COUNTIF(Components!$B$2:$B$66,$A10) -> 22 | C10: =COUNTIFS(Components!$B$2:$B$66,$A10,Components!$I$2:$I$66,"P1") -> 11 | D10: =COUNTIFS(Components!$B$2:$B$66,$A10,Components!$K$2:$K$66,"High") -> 1 | E10: =COUNTIFS(Components!$B$2:$B$66,$A10,Components!$N$2:$N$66,"Not Started") -> 22 | F10: =COUNTIFS(Components!$B$2:$B$66,$A10,Components!$N$2:$N$66,"In Design") -> 0 | G10: =COUNTIFS(Components!$B$2:$B$66,$A10,Components!$N$2:$N$66,"Approved") -> 0
A11: TOTAL | B11: =SUM(B7:B10) -> 65 | C11: =SUM(C7:C10) -> 36 | D11: =SUM(D7:D10) -> 13 | E11: =SUM(E7:E10) -> 65 | F11: =SUM(F7:F10) -> 0 | G11: =SUM(G7:G10) -> 0
A13: By build track
A14: Technology (contains) | B14: Components | C14: High Custom
A15: Python | B15: =COUNTIF(Components!$J$2:$J$66,"*"&$A15&"*") -> 10 | C15: =COUNTIFS(Components!$J$2:$J$66,"*"&$A15&"*",Components!$K$2:$K$66,"High") -> 8
A16: dbt | B16: =COUNTIF(Components!$J$2:$J$66,"*"&$A16&"*") -> 10 | C16: =COUNTIFS(Components!$J$2:$J$66,"*"&$A16&"*",Components!$K$2:$K$66,"High") -> 3
A17: Airflow | B17: =COUNTIF(Components!$J$2:$J$66,"*"&$A17&"*") -> 10 | C17: =COUNTIFS(Components!$J$2:$J$66,"*"&$A17&"*",Components!$K$2:$K$66,"High") -> 3
A18: Oracle DDL | B18: =COUNTIF(Components!$J$2:$J$66,"*"&$A18&"*") -> 4 | C18: =COUNTIFS(Components!$J$2:$J$66,"*"&$A18&"*",Components!$K$2:$K$66,"High") -> 1
A19: Infra | B19: =COUNTIF(Components!$J$2:$J$66,"*"&$A19&"*") -> 24 | C19: =COUNTIFS(Components!$J$2:$J$66,"*"&$A19&"*",Components!$K$2:$K$66,"High") -> 0
A20: CI/CD | B20: =COUNTIF(Components!$J$2:$J$66,"*"&$A20&"*") -> 3 | C20: =COUNTIFS(Components!$J$2:$J$66,"*"&$A20&"*",Components!$K$2:$K$66,"High") -> 1
A21: Vendor | B21: =COUNTIF(Components!$J$2:$J$66,"*"&$A21&"*") -> 3 | C21: =COUNTIFS(Components!$J$2:$J$66,"*"&$A21&"*",Components!$K$2:$K$66,"High") -> 0
A22: Contract | B22: =COUNTIF(Components!$J$2:$J$66,"*"&$A22&"*") -> 8 | C22: =COUNTIFS(Components!$J$2:$J$66,"*"&$A22&"*",Components!$K$2:$K$66,"High") -> 0
A23: Note: components spanning two tracks are counted in both.
A25: Key counts
A26: Components marked NEW (in neither source deck) | B26: =COUNTIF(Components!$H$2:$H$66,"NEW") -> 28
A27: Components with Custom Build = High | B27: =COUNTIF(Components!$K$2:$K$66,"High") -> 13
A28: Open architecture decisions | B28: =COUNTIF(Decisions!$I$2:$I$13,"Open") -> 12

Sheet Components
A1: ID | B1: Zone | C1: Plane / Group | D1: Component | E1: Design Deliverable (what to produce) | F1: Key Design Questions | G1: Depends On | H1: Source | I1: Priority | J1: Technology | K1: Custom Build | L1: Custom Development Scope | M1: Owner | N1: Status | O1: Target Date | P1: Notes
A2: 1 | B2: 1. SEI | C2: Source | D2: SWP Platform | E2: Interface spec: domains, entities, extract triggers | F2: Which domains are in scope for phase 1? | G2: - | H2: SEI v5 | I2: P1 | J2: Contract | K2: None | L2: SEI-owned. Specification review only. | N2: Not Started
A3: 2 | B3: 1. SEI | C3: Source | D3: SWP UI | E3: Access model + SSO handshake spec | F3: Which BBH roles need UI access? | G3: 36 | H3: SEI v5 | I3: P3 | J3: Contract | K3: None | L3: SEI-owned. | N3: Not Started
A4: 3 | B4: 1. SEI | C4: Source | D4: SWP APIs | E4: API contract: endpoints, auth, rate limits, SLAs | F4: Which consumers use real-time vs batch? | G4: 12 | H4: SEI v5 | I4: P1 | J4: Contract | K4: None | L4: SEI-owned. Consume as published. | N4: Not Started
A5: 4 | B5: 1. SEI | C5: Source | D5: SWP Loaders | E5: Loader file format + submission/ack contract | F5: Sync or async ack? Failure semantics? | G5: 10, 11 | H5: SEI v5 | I5: P2 | J5: Contract | K5: None | L5: SEI-owned. | N5: Not Started
A6: 5 | B6: 1. SEI | C6: Source | D6: Extract Generation | E6: File spec: layout, naming, manifest, EOD + intraday cadence | F6: Full snapshot daily, or change-indicator available? | G6: 8 | H6: SEI v5 | I6: P1 | J6: Contract | K6: None | L6: SEI-owned. Ask for hash/change column - biggest volume lever. | N6: Not Started
A7: 6 | B7: 1. SEI | C7: PS-Orchestration | D7: Orchestration API / Data Ingestion / ODM / Workflows / Config | E7: Outbound orchestration design (SEI-owned, BBH-reviewed) | F7: Is outbound in scope this phase? | G7: 10, 11 | H7: SEI v5 | I7: P3 | J7: Contract | K7: None | L7: SEI-owned. | N7: Not Started
A8: 7 | B8: 1. SEI | C8: PS-Orchestration | D8: Status Monitoring Dashboard | E8: Status event contract to Integration360 | F8: Does this or Integration360 hold the recon record? | G8: 35 | H8: SEI v5 | I8: P2 | J8: Contract | K8: Low | L8: Event schema agreement; no BBH build. | N8: Not Started
A9: 8 | B9: 2. Hub | C9: Ingress/Egress | D9: Landing Zone + Transport | E9: Transport design: protocol, auth, dirs, retention, completeness signal | F9: sFTP or object store? Same for EOD and intraday? | G9: 5 | H9: Both (conflict) | I9: P1 | J9: Infra | K9: Low | L9: Managed service + config. Custom only for manifest/completeness check. | N9: Not Started
A10: 9 | B10: 2. Hub | C10: Ingress/Egress | D10: File Arrival Sensors | E10: Per-file sensor design; start-on-arrival not batch-complete | F10: Manifest-driven or filename pattern? | G10: 8, 18 | H10: NEW | I10: P1 | J10: Airflow | K10: Medium | L10: Custom sensor/deferrable operator per domain. Base sensors do not know your manifest. | N10: Not Started
A11: 10 | B11: 2. Hub | C11: Ingress/Egress | D11: Outbound Producers | E11: Design for Data Extracts, JSON payloads, Loader File | F11: Which BBH systems are sources? | G11: 43 | H11: SEI v5 | I11: P3 | J11: Python | K11: High | L11: Full custom build: extract, JSON serialisation, loader-file format per SEI spec. | N11: Not Started
A12: 11 | B12: 2. Hub | C12: Ingress/Egress | D12: Apigee Proxy | E12: Proxy design: submit path + status-return path | F12: Is Apigee a decision or a placeholder? (AD-3) | G12: 10, 35 | H12: SEI v5 | I12: P3 | J12: Vendor/Infra | K12: Low | L12: Proxy config + policies. No application code. | N12: Not Started
A13: 12 | B13: 2. Hub | C13: Ingress/Egress | D13: API Gateway / Data Plane | E13: Real-time route design, independent of batch | F13: Does intraday run here or on batch? (AD-4) | G13: 3, 42 | H13: BBH V4.2 | I13: P2 | J13: Vendor/Infra | K13: Low | L13: Gateway config, routing, throttling policies. | N13: Not Started
... A66: 65 | B66: 4. OpenShift | C66: Operations | D66: Cost & Capacity Monitoring | E66: Capacity model for a sharply peaked EOD burst | F66: Peak-to-average ratio acceptable? | G66: 52, 53 | H66: NEW | I66: P3 | J66: Infra | K66: None | L66: Tooling config. | N66: Not Started
A68: LEGEND / HOW TO USE
A69: Engineers fill in the yellow columns only: Owner (M), Status (N), Target Date (O), Notes (P). Columns A-L are the agreed scope baseline - raise a change request rather than editing them.
A70: Status values: Not Started / In Design / In Review / Approved / Blocked.
A71: Technology: Python | dbt | Airflow | Oracle DDL | Infra | CI/CD | Vendor | Contract | Analysis. Combined values mean the component spans two tracks.
A72: Custom Build: High = bespoke engineering, no framework default covers it (design doc mandatory before code). Medium = framework plus custom macros/operators. Low = mostly configuration. None = no build in this phase.
A73: Source: 'SEI v5' / 'BBH V4.2' = one deck only. 'Both' = agreed. 'Both (conflict)' = decks disagree, read Decisions tab. 'NEW' = in neither deck; scope addition needing approval.
A74: AD-1..AD-12 in Key Design Questions are the open architecture decisions on the Decisions tab. A component citing an open AD cannot be finalised until that AD closes.
A75: Example row: | 13 | 2. Hub | Processing | Python Ingestion Framework | Module design... | | 8, 14, 23 | SEI v5 | P1 | Python | High | CORE BUILD... | A. Sharma | In Design | 2026-09-15 | Framework skeleton drafted |

Sheet Decisions
A1: ID | B1: Decision | C1: SEI v5 position | D1: BBH V4.2 position | E1: Consequence if unresolved | F1: Blocks components | G1: Recommendation | H1: Owner | I1: Status
A2: AD-1 | B2: Gold write target: Hub-owned schema vs PBDW/IMDS direct | C2: Gold materialised into existing Oracle DW tables | D2: No Gold layer; Stage 2 feeds consumers | E2: dbt writes production schemas; blast radius and change control shift | F2: 16, 37, 60 | G2: Hub-owned Gold schema that publishes | I2: Open
A3: AD-2 | B3: Corrections: in-place merge vs bitemporal append | C3: Merge (update existing) on facts | D3: Bitemporal handling held in Stage 2 | E3: Merge destroys history; breaks as-of restatement and replay | F3: 17, 21, 31, 59 | G3: Bitemporal append with as-of resolution | I3: Open
A4: AD-3 | B4: Apigee: firm decision or placeholder | C4: BBH runs an Apigee proxy (two nodes) | D4: Vendor-neutral 'API Gateway / Data Plane' | E4: SEI presumes a BBH decision | F4: 11, 12 | G4: Pin explicitly or correct SEI diagram | I4: Open
A5: AD-4 | B5: Intraday: batch pipeline or real-time lane | C5: In scope, identical flow to EOD | D5: Batch lane annotated EOD only | E5: Window sizing and cadence undefined | F5: 12, 20 | G5: Decide one lane; not both | I5: Open
A6: AD-5 | B6: Partial batch: halt-all vs per-domain proceed | C6: Not addressed | D6: Not addressed | E6: Undefined behaviour on single-file failure | F6: 18, 22 | G6: Halt-all until measured, then relax | I6: Open
A7: AD-6 | B7: Monitoring system of record | C7: SEI Status Dashboard AND Integration360 | D7: Integration360 as cross-cutting capability | E7: Two dashboards, no single truth | F7: 7, 30, 35 | G7: Integration360 as recon system of record | I7: Open
A8: AD-7 | B8: Stage 1 ingestion technology | C8: Python (cx_Oracle / SQL*Loader / External Tables) | D8: Arrow labelled dbt | E8: BBH slide is wrong; fix before it is quoted | F8: 13 | G8: DECIDED: Python. Correct BBH slide | I8: Open
A9: AD-8 | B9: RAW immutability | C9: Immutable, append only | D9: Source as delivered | E9: - | F9: 14, 21 | G9: DECIDED: immutable append-only | I9: Open
A10: AD-9 | B10: DQ gates blocking vs advisory | C10: DQ check drawn after Gold | D10: Recon & error handling, unspecified | E10: Post-Gold check blocks nothing; bad data already published | F10: 23-28 | G10: DECIDED: blocking, with G4 before publish | I10: Open
A11: AD-10 | B11: Transport protocol | C11: Unspecified | D11: sFTP reception at Landing Zone | E11: BBH has committed further than SEI | F11: 8, 49 | G11: Confirm sFTP or agree alternative | I11: Open
A12: AD-11 | B12: Outbound scope this phase | C12: Fully diagrammed | D12: Absent entirely | E12: Build expectation mismatch | F12: 6, 10, 11 | G12: State in or explicitly out of scope | I12: Open
A13: AD-12 | B13: Pivotal in scope | C13: Not in the 8-component inbound list | D13: Named consumer of Stage 2 | E13: Scope gap on the SEI side | F13: 39 | G13: Add to SEI scope or drop | I13: Open
